{
	"name": "Data_Flow_Load_2021_Payroll_Data_to_SQL_DB",
	"properties": {
		"type": "MappingDataFlow",
		"typeProperties": {
			"sources": [
				{
					"dataset": {
						"referenceName": "nycpayroll_2021",
						"type": "DatasetReference"
					},
					"name": "Datasetnycpayroll2021file"
				}
			],
			"sinks": [
				{
					"dataset": {
						"referenceName": "Dataset_SQL_DB",
						"type": "DatasetReference"
					},
					"name": "CreateDataForSQLDatabase"
				}
			],
			"transformations": [],
			"scriptLines": [
				"source(output(",
				"          FiscalYear as integer,",
				"          PayrollNumber as integer,",
				"          AgencyCode as string,",
				"          AgencyName as string,",
				"          EmployeeID as string,",
				"          LastName as string,",
				"          FirstName as string,",
				"          AgencyStartDate as date 'MM/dd/yyyy',",
				"          WorkLocationBorough as string,",
				"          TitleCode as string,",
				"          TitleDescription as string,",
				"          LeaveStatusasofJune30 as string,",
				"          BaseSalary as float,",
				"          PayBasis as string,",
				"          RegularHours as float,",
				"          RegularGrossPaid as float,",
				"          OTHours as float,",
				"          TotalOTPaid as float,",
				"          TotalOtherPay as float",
				"     ),",
				"     allowSchemaDrift: false,",
				"     validateSchema: true,",
				"     limit: 100,",
				"     ignoreNoFilesFound: false,",
				"     dateFormats: ['MM/dd/yyyy']) ~> Datasetnycpayroll2021file",
				"Datasetnycpayroll2021file sink(allowSchemaDrift: false,",
				"     validateSchema: true,",
				"     input(",
				"          FiscalYear as integer,",
				"          PayrollNumber as integer,",
				"          AgencyID as string,",
				"          AgencyName as string,",
				"          EmployeeID as string,",
				"          LastName as string,",
				"          FirstName as string,",
				"          AgencyStartDate as date,",
				"          WorkLocationBorough as string,",
				"          TitleCode as string,",
				"          TitleDescription as string,",
				"          LeaveStatusasofJune30 as string,",
				"          BaseSalary as double,",
				"          PayBasis as string,",
				"          RegularHours as double,",
				"          RegularGrossPaid as double,",
				"          OTHours as double,",
				"          TotalOTPaid as double,",
				"          TotalOtherPay as double",
				"     ),",
				"     deletable:false,",
				"     insertable:true,",
				"     updateable:false,",
				"     upsertable:false,",
				"     format: 'table',",
				"     saveOrder: 1,",
				"     errorHandlingOption: 'stopOnFirstError',",
				"     mapColumn(",
				"          FiscalYear,",
				"          PayrollNumber,",
				"          AgencyID = AgencyCode,",
				"          AgencyName,",
				"          EmployeeID,",
				"          LastName,",
				"          FirstName,",
				"          AgencyStartDate,",
				"          WorkLocationBorough,",
				"          TitleCode,",
				"          TitleDescription,",
				"          LeaveStatusasofJune30,",
				"          BaseSalary,",
				"          PayBasis,",
				"          RegularHours,",
				"          RegularGrossPaid,",
				"          OTHours,",
				"          TotalOTPaid,",
				"          TotalOtherPay",
				"     )) ~> CreateDataForSQLDatabase"
			]
		}
	}
}