{
	"name": "Data_Flow_Load_Data_To_EMP",
	"properties": {
		"type": "MappingDataFlow",
		"typeProperties": {
			"sources": [
				{
					"dataset": {
						"referenceName": "EmpMaster",
						"type": "DatasetReference"
					},
					"name": "SourceEMP",
					"description": "Source_EMP"
				}
			],
			"sinks": [
				{
					"dataset": {
						"referenceName": "NYC_Payroll_EMP_MD",
						"type": "DatasetReference"
					},
					"name": "SinkEmployee",
					"description": "Sink_dbo.Employee",
					"rejectedDataLinkedService": {
						"referenceName": "DataLakeGen2StoreData",
						"type": "LinkedServiceReference"
					}
				}
			],
			"transformations": [],
			"scriptLines": [
				"source(output(",
				"          EmployeeID as string,",
				"          LastName as string,",
				"          FirstName as string",
				"     ),",
				"     allowSchemaDrift: false,",
				"     validateSchema: true,",
				"     limit: 100,",
				"     ignoreNoFilesFound: false) ~> SourceEMP",
				"SourceEMP sink(allowSchemaDrift: false,",
				"     validateSchema: true,",
				"     input(",
				"          EmployeeID as string,",
				"          LastName as string,",
				"          FirstName as string",
				"     ),",
				"     deletable:false,",
				"     insertable:true,",
				"     updateable:false,",
				"     upsertable:false,",
				"     format: 'table',",
				"     staged: true,",
				"     allowCopyCommand: true,",
				"     errorHandlingOption: 'stopOnFirstError') ~> SinkEmployee"
			]
		}
	}
}