{
	"name": "Data_Flow_Load_Data_To_AGENCY",
	"properties": {
		"type": "MappingDataFlow",
		"typeProperties": {
			"sources": [
				{
					"dataset": {
						"referenceName": "AgencyMaster",
						"type": "DatasetReference"
					},
					"name": "SourceAgency",
					"description": "SourceAgency"
				}
			],
			"sinks": [
				{
					"dataset": {
						"referenceName": "NYC_Payroll_AGENCY_MD",
						"type": "DatasetReference"
					},
					"name": "SinkAgency",
					"description": "Sink_dbo.Agency",
					"rejectedDataLinkedService": {
						"referenceName": "DataLakeGen2StoreData",
						"type": "LinkedServiceReference"
					}
				}
			],
			"transformations": [],
			"scriptLines": [
				"source(output(",
				"          AgencyID as string,",
				"          AgencyName as string",
				"     ),",
				"     allowSchemaDrift: false,",
				"     validateSchema: true,",
				"     limit: 100,",
				"     ignoreNoFilesFound: false) ~> SourceAgency",
				"SourceAgency sink(allowSchemaDrift: false,",
				"     validateSchema: true,",
				"     input(",
				"          AgencyID as string,",
				"          AgencyName as string",
				"     ),",
				"     deletable:false,",
				"     insertable:true,",
				"     updateable:false,",
				"     upsertable:false,",
				"     format: 'table',",
				"     staged: true,",
				"     allowCopyCommand: true,",
				"     errorHandlingOption: 'stopOnFirstError') ~> SinkAgency"
			]
		}
	}
}