{
	"name": "Data_Flow_Load_SQLDB_To_Synapse",
	"properties": {
		"type": "MappingDataFlow",
		"typeProperties": {
			"sources": [
				{
					"dataset": {
						"referenceName": "Dataset_SQL_DB",
						"type": "DatasetReference"
					},
					"name": "SourcePayroll2021",
					"description": "SourcePayroll2021"
				}
			],
			"sinks": [
				{
					"dataset": {
						"referenceName": "NYC_Payroll_Data",
						"type": "DatasetReference"
					},
					"name": "SinkPayroll2021",
					"description": "Sink_dbp.Payroll2021",
					"rejectedDataLinkedService": {
						"referenceName": "DataLakeGen2StoreData",
						"type": "LinkedServiceReference"
					}
				}
			],
			"transformations": [],
			"scriptLines": [
				"source(output(",
				"          FiscalYear as integer,",
				"          PayrollNumber as integer,",
				"          AgencyID as string,",
				"          AgencyName as string,",
				"          EmployeeID as string,",
				"          LastName as string,",
				"          FirstName as string,",
				"          AgencyStartDate as date,",
				"          WorkLocationBorough as string,",
				"          TitleCode as string,",
				"          TitleDescription as string,",
				"          LeaveStatusasofJune30 as string,",
				"          BaseSalary as double,",
				"          PayBasis as string,",
				"          RegularHours as double,",
				"          RegularGrossPaid as double,",
				"          OTHours as double,",
				"          TotalOTPaid as double,",
				"          TotalOtherPay as double",
				"     ),",
				"     allowSchemaDrift: false,",
				"     validateSchema: true,",
				"     isolationLevel: 'READ_UNCOMMITTED',",
				"     format: 'table') ~> SourcePayroll2021",
				"SourcePayroll2021 sink(allowSchemaDrift: false,",
				"     validateSchema: true,",
				"     input(",
				"          FiscalYear as integer,",
				"          PayrollNumber as integer,",
				"          AgencyID as string,",
				"          AgencyName as string,",
				"          EmployeeID as string,",
				"          LastName as string,",
				"          FirstName as string,",
				"          AgencyStartDate as date,",
				"          WorkLocationBorough as string,",
				"          TitleCode as string,",
				"          TitleDescription as string,",
				"          LeaveStatusasofJune30 as string,",
				"          BaseSalary as double,",
				"          PayBasis as string,",
				"          RegularHours as double,",
				"          RegularGrossPaid as double,",
				"          OTHours as double,",
				"          TotalOTPaid as double,",
				"          TotalOtherPay as double",
				"     ),",
				"     deletable:false,",
				"     insertable:true,",
				"     updateable:false,",
				"     upsertable:false,",
				"     format: 'table',",
				"     staged: true,",
				"     allowCopyCommand: true,",
				"     dateFormat:'MM/dd/yyyy',",
				"     errorHandlingOption: 'stopOnFirstError',",
				"     mapColumn(",
				"          FiscalYear,",
				"          PayrollNumber,",
				"          AgencyID,",
				"          AgencyName,",
				"          EmployeeID,",
				"          LastName,",
				"          FirstName,",
				"          AgencyStartDate,",
				"          WorkLocationBorough,",
				"          TitleCode,",
				"          TitleDescription,",
				"          LeaveStatusasofJune30,",
				"          BaseSalary,",
				"          PayBasis,",
				"          RegularHours,",
				"          RegularGrossPaid,",
				"          OTHours,",
				"          TotalOTPaid,",
				"          TotalOtherPay",
				"     )) ~> SinkPayroll2021"
			]
		}
	}
}