{
	"name": "Pipeline_Aggregate",
	"properties": {
		"activities": [
			{
				"name": "Aggregate",
				"type": "ExecuteDataFlow",
				"dependsOn": [],
				"policy": {
					"timeout": "0.12:00:00",
					"retry": 0,
					"retryIntervalInSeconds": 30,
					"secureOutput": false,
					"secureInput": false
				},
				"userProperties": [],
				"typeProperties": {
					"dataflow": {
						"referenceName": "Dataflow_Aggregate_Data",
						"type": "DataFlowReference",
						"parameters": {
							"FiscalYear": {
								"value": "'@{'RegularGrossPaid + TotalOTPaid+TotalOtherPay'}'",
								"type": "Expression"
							}
						}
					},
					"staging": {
						"linkedService": {
							"referenceName": "DataLakeGen2StoreData",
							"type": "LinkedServiceReference"
						},
						"folderPath": "adlsnycpayroll-yourfirstname-lastintial/dirstaging"
					},
					"compute": {
						"coreCount": 8,
						"computeType": "General"
					},
					"traceLevel": "Fine"
				}
			}
		],
		"parameters": {
			"FiscalYear": {
				"type": "String"
			}
		},
		"annotations": [],
		"lastPublishTime": "2023-09-04T17:54:14Z"
	},
	"type": "Microsoft.DataFactory/factories/pipelines"
}