{
	"name": "Pipeline_Load_All_Data_To_Synapse",
	"properties": {
		"activities": [
			{
				"name": "Load_EMP",
				"type": "ExecuteDataFlow",
				"dependsOn": [],
				"policy": {
					"timeout": "0.12:00:00",
					"retry": 0,
					"retryIntervalInSeconds": 30,
					"secureOutput": false,
					"secureInput": false
				},
				"userProperties": [],
				"typeProperties": {
					"dataflow": {
						"referenceName": "Data_Flow_Load_Data_To_EMP",
						"type": "DataFlowReference"
					},
					"staging": {
						"linkedService": {
							"referenceName": "DataLakeGen2StoreData",
							"type": "LinkedServiceReference"
						},
						"folderPath": "adlsnycpayroll-yourfirstname-lastintial/dirstaging"
					},
					"compute": {
						"coreCount": 8,
						"computeType": "General"
					},
					"traceLevel": "Fine"
				}
			},
			{
				"name": "Load_Agency",
				"type": "ExecuteDataFlow",
				"dependsOn": [],
				"policy": {
					"timeout": "0.12:00:00",
					"retry": 0,
					"retryIntervalInSeconds": 30,
					"secureOutput": false,
					"secureInput": false
				},
				"userProperties": [],
				"typeProperties": {
					"dataflow": {
						"referenceName": "Data_Flow_Load_Data_To_AGENCY",
						"type": "DataFlowReference"
					},
					"staging": {
						"linkedService": {
							"referenceName": "DataLakeGen2StoreData",
							"type": "LinkedServiceReference"
						},
						"folderPath": "adlsnycpayroll-yourfirstname-lastintial/dirstaging"
					},
					"compute": {
						"coreCount": 8,
						"computeType": "General"
					},
					"traceLevel": "Fine"
				}
			},
			{
				"name": "Load_Tittle",
				"type": "ExecuteDataFlow",
				"dependsOn": [],
				"policy": {
					"timeout": "0.12:00:00",
					"retry": 0,
					"retryIntervalInSeconds": 30,
					"secureOutput": false,
					"secureInput": false
				},
				"userProperties": [],
				"typeProperties": {
					"dataflow": {
						"referenceName": "Data_Flow_Load_Data_To_TITLE",
						"type": "DataFlowReference"
					},
					"staging": {
						"linkedService": {
							"referenceName": "DataLakeGen2StoreData",
							"type": "LinkedServiceReference"
						},
						"folderPath": "adlsnycpayroll-yourfirstname-lastintial/dirstaging"
					},
					"compute": {
						"coreCount": 8,
						"computeType": "General"
					},
					"traceLevel": "Fine"
				}
			},
			{
				"name": "Load_Payroll2021",
				"type": "ExecuteDataFlow",
				"dependsOn": [
					{
						"activity": "Load_EMP",
						"dependencyConditions": [
							"Succeeded"
						]
					},
					{
						"activity": "Load_Agency",
						"dependencyConditions": [
							"Succeeded"
						]
					},
					{
						"activity": "Load_Tittle",
						"dependencyConditions": [
							"Succeeded"
						]
					}
				],
				"policy": {
					"timeout": "0.12:00:00",
					"retry": 0,
					"retryIntervalInSeconds": 30,
					"secureOutput": false,
					"secureInput": false
				},
				"userProperties": [],
				"typeProperties": {
					"dataflow": {
						"referenceName": "Data_Flow_Load_SQLDB_To_Synapse",
						"type": "DataFlowReference"
					},
					"staging": {
						"linkedService": {
							"referenceName": "DataLakeGen2StoreData",
							"type": "LinkedServiceReference"
						},
						"folderPath": "adlsnycpayroll-yourfirstname-lastintial/dirstaging"
					},
					"compute": {
						"coreCount": 8,
						"computeType": "General"
					},
					"traceLevel": "Fine"
				}
			}
		],
		"annotations": [],
		"lastPublishTime": "2023-09-04T15:22:45Z"
	},
	"type": "Microsoft.DataFactory/factories/pipelines"
}