{
	"name": "Pipeline_Agency_To_Synapse",
	"properties": {
		"activities": [
			{
				"name": "Data_Flow_Load _Agency",
				"type": "ExecuteDataFlow",
				"dependsOn": [],
				"policy": {
					"timeout": "0.12:00:00",
					"retry": 0,
					"retryIntervalInSeconds": 30,
					"secureOutput": false,
					"secureInput": false
				},
				"userProperties": [],
				"typeProperties": {
					"dataflow": {
						"referenceName": "Data_Flow_Load_Data_To_AGENCY",
						"type": "DataFlowReference"
					},
					"staging": {
						"linkedService": {
							"referenceName": "DataLakeGen2StoreData",
							"type": "LinkedServiceReference"
						},
						"folderPath": "adlsnycpayroll-yourfirstname-lastintial/dirstaging"
					},
					"compute": {
						"coreCount": 8,
						"computeType": "General"
					},
					"traceLevel": "Fine"
				}
			}
		],
		"annotations": [],
		"lastPublishTime": "2023-09-04T12:37:13Z"
	},
	"type": "Microsoft.DataFactory/factories/pipelines"
}