{
	"name": "Pipeline_Load_2021_Payroll_Into_SQLDB",
	"properties": {
		"activities": [
			{
				"name": "Load_2021_Payroll_Into_SQLDB",
				"type": "ExecuteDataFlow",
				"dependsOn": [],
				"policy": {
					"timeout": "0.12:00:00",
					"retry": 0,
					"retryIntervalInSeconds": 30,
					"secureOutput": false,
					"secureInput": false
				},
				"userProperties": [],
				"typeProperties": {
					"dataflow": {
						"referenceName": "Data_Flow_Load_2021_Payroll_Data_to_SQL_DB",
						"type": "DataFlowReference"
					},
					"compute": {
						"coreCount": 8,
						"computeType": "General"
					},
					"traceLevel": "Fine"
				}
			}
		],
		"annotations": [],
		"lastPublishTime": "2023-09-04T11:10:00Z"
	},
	"type": "Microsoft.DataFactory/factories/pipelines"
}