{
	"name": "NYC_Payroll_EMP_MD",
	"properties": {
		"linkedServiceName": {
			"referenceName": "AzureSynapseAnalytics1",
			"type": "LinkedServiceReference"
		},
		"folder": {
			"name": "Dataset_Synapse_Analytics"
		},
		"annotations": [],
		"type": "AzureSqlDWTable",
		"schema": [
			{
				"name": "EmployeeID",
				"type": "varchar"
			},
			{
				"name": "LastName",
				"type": "varchar"
			},
			{
				"name": "FirstName",
				"type": "varchar"
			}
		],
		"typeProperties": {
			"schema": "dbo",
			"table": "NYC_Payroll_EMP_MD"
		}
	},
	"type": "Microsoft.DataFactory/factories/datasets"
}